Etape	Es	p	s	E
coucou
1	0	0	0	0
coucou
2	0	43	0	0
coucou
3	0	82	0	0
coucou
4	0	118	0	0
coucou
5	0	151	0	0
coucou
6	0	182	0	0
coucou
7	0	209	0	0
coucou
8	0	234	0	1
coucou
9	0	258	0	1
coucou
10	0	279	0	1
coucou
11	0	298	0	2
coucou
12	0	316	0	3
coucou
13	0	333	0	4
coucou
14	0	349	0	4
coucou
15	0	363	0	3
coucou
16	0	376	0	3
coucou
17	-1	388	0	3
coucou
18	-2	398	0	3
coucou
19	-3	408	0	3
coucou
20	-4	417	0	3
coucou
21	-5	425	0	3
coucou
22	-6	433	0	4
coucou
23	-7	441	0	4
coucou
24	-8	447	0	4
coucou
25	-9	453	0	5
coucou
26	-10	458	0	5
coucou
27	-11	463	0	4
coucou
28	-12	468	0	3
coucou
29	-13	473	0	3
coucou
30	-14	477	0	3
coucou
31	-15	481	0	2
coucou
32	-16	484	0	2
coucou
33	-16	487	0	2
coucou
34	-17	489	0	2
coucou
35	-17	492	0	2
coucou
36	-17	495	0	2
coucou
37	-17	497	0	2
coucou
38	-17	499	0	1
coucou
39	-17	501	0	1
coucou
40	-17	503	0	1
coucou
41	-17	505	0	1
coucou
42	-17	506	0	1
coucou
43	-17	507	0	1
coucou
44	-17	508	0	2
coucou
45	-17	509	0	2
coucou
46	-17	510	0	3
coucou
47	-17	510	0	3
coucou
48	-17	510	0	3
coucou
49	-17	511	0	3
coucou
50	-17	511	0	3
coucou
51	-17	512	0	2
coucou
52	-17	512	0	2
coucou
53	-17	512	0	2
coucou
54	-17	513	0	2
coucou
55	-17	513	0	2
coucou
56	-17	513	0	1
coucou
57	-17	514	0	1
coucou
58	-17	513	0	1
coucou
59	-17	514	0	1
coucou
60	-17	514	0	2
coucou
61	-17	514	0	2
coucou
62	-17	514	0	2
coucou
63	-17	513	0	2
coucou
64	-17	513	0	2
coucou
65	-17	513	0	2
coucou
66	-17	513	0	2
coucou
67	-17	513	0	2
coucou
68	-17	514	0	1
coucou
69	-17	514	0	1
coucou
70	-17	515	0	1
coucou
71	-17	515	0	1
coucou
72	-17	515	0	0
coucou
73	-17	515	0	1
coucou
74	-17	515	0	1
coucou
75	-17	515	0	1
coucou
76	-17	515	0	1
coucou
77	-17	515	0	1
coucou
78	-17	515	0	1
coucou
79	-17	515	0	1
coucou
80	-17	514	0	1
coucou
81	-17	513	0	1
coucou
82	-17	513	0	1
coucou
83	-17	513	0	1
coucou
84	-17	513	0	1
coucou
85	-17	513	0	1
coucou
86	-17	512	0	2
coucou
87	-17	512	0	2
coucou
88	-17	512	0	2
coucou
89	-17	512	0	2
coucou
90	-17	512	0	2
coucou
91	-17	512	0	2
coucou
92	-17	511	0	2
coucou
93	-17	511	0	3
coucou
94	-17	511	0	1
coucou
95	-17	510	0	1
coucou
96	-17	510	0	1
coucou
97	-17	509	0	1
coucou
98	-17	509	0	1
coucou
99	-17	509	0	1
coucou
100	-17	509	0	1
coucou
101	-17	509	0	1
coucou
102	-17	509	0	1
coucou
103	-17	509	0	1
coucou
104	-17	508	0	1
coucou
105	-17	508	0	1
coucou
106	-16	508	0	1
coucou
107	-16	508	0	1
coucou
108	-16	508	0	1
coucou
109	-16	508	0	1
coucou
110	-16	508	0	1
coucou
111	-16	507	0	1
coucou
112	-16	507	0	1
coucou
113	-16	507	0	0
coucou
114	-16	507	0	0
coucou
115	-16	507	0	0
coucou
116	-16	507	0	0
coucou
117	-16	507	0	0
coucou
118	-16	507	0	0
coucou
119	-16	507	0	1
coucou
120	-16	507	0	1
coucou
121	-16	507	0	1
coucou
122	-16	506	0	1
coucou
123	-16	506	0	1
coucou
124	-16	506	0	1
coucou
125	-16	506	0	2
coucou
126	-16	506	0	2
coucou
127	-16	506	0	2
coucou
128	-16	506	0	1
coucou
129	-16	506	0	1
coucou
130	-16	505	0	1
coucou
131	-16	505	0	2
coucou
132	-16	505	0	2
coucou
133	-16	505	0	2
coucou
134	-16	505	0	2
coucou
135	-16	505	0	2
coucou
136	-16	505	0	2
coucou
137	-16	505	0	2
coucou
138	-16	505	0	3
coucou
139	-16	505	0	3
coucou
140	-16	505	0	3
coucou
141	-16	505	0	3
coucou
142	-16	505	0	3
coucou
143	-16	505	0	3
coucou
144	-16	505	0	2
coucou
145	-16	505	0	2
coucou
146	-16	505	0	2
coucou
147	-16	504	0	2
coucou
148	-16	504	0	2
coucou
149	-16	504	0	2
coucou
150	-16	504	0	2
coucou
151	-16	504	0	2
coucou
152	-16	504	0	2
coucou
153	-16	504	0	2
coucou
154	-16	504	0	2
coucou
155	-16	504	0	2
coucou
156	-16	504	0	2
coucou
157	-16	504	0	2
coucou
158	-16	504	0	1
coucou
159	-16	504	0	1
coucou
160	-16	504	0	1
coucou
161	-16	503	0	1
coucou
162	-16	503	0	1
coucou
163	-16	503	0	1
coucou
164	-16	503	0	1
coucou
165	-16	503	0	1
coucou
166	-16	503	0	1
coucou
167	-16	503	0	1
coucou
168	-16	503	0	1
coucou
169	-16	503	0	1
coucou
170	-16	502	0	2
coucou
171	-16	502	0	2
coucou
172	-16	501	0	2
coucou
173	-16	501	0	1
coucou
174	-16	501	0	1
coucou
175	-16	501	0	1
coucou
176	-16	501	0	1
coucou
177	-16	501	0	1
coucou
178	-16	501	0	1
coucou
179	-16	500	0	1
coucou
180	-16	500	0	1
coucou
181	-16	500	0	1
coucou
182	-16	500	0	1
coucou
183	-16	500	0	1
coucou
184	-16	500	0	1
coucou
185	-16	500	0	1
coucou
186	-16	500	0	1
coucou
187	-16	500	0	1
coucou
188	-16	500	0	1
coucou
189	-16	500	0	1
coucou
190	-16	500	0	1
coucou
191	-16	500	0	1
coucou
192	-16	500	0	1
coucou
193	-16	500	0	1
coucou
194	-16	500	0	1
coucou
195	-16	499	0	1
coucou
196	-16	499	0	1
coucou
197	-16	498	0	1
coucou
198	-16	498	0	1
coucou
199	-16	498	0	1
coucou
200	-16	497	0	2
coucou
201	-16	497	0	0
coucou
202	-16	496	0	0
coucou
203	-16	496	0	0
coucou
204	-16	495	0	0
coucou
205	-16	495	0	0
coucou
206	-16	495	0	0
coucou
207	-16	495	0	0
coucou
208	-16	495	0	0
coucou
209	-16	495	0	0
coucou
210	-16	495	0	0
coucou
211	-16	495	0	0
coucou
212	-16	494	0	0
coucou
213	-16	494	0	0
coucou
214	-16	494	0	0
coucou
215	-16	493	0	0
coucou
216	-16	493	0	0
coucou
217	-16	492	0	0
coucou
218	-16	492	0	0
coucou
219	-16	492	0	0
coucou
220	-16	492	0	0
coucou
221	-16	492	0	0
coucou
222	-16	492	0	1
coucou
223	-16	492	0	1
coucou
224	-16	492	0	1
coucou
225	-16	492	0	1
coucou
226	-16	492	0	2
coucou
227	-16	492	0	2
coucou
228	-16	492	0	2
coucou
229	-16	492	0	1
coucou
230	-16	492	0	1
coucou
231	-16	492	0	1
coucou
232	-16	492	0	0
coucou
233	-16	492	0	0
coucou
234	-16	492	0	0
coucou
235	-16	492	0	0
coucou
236	-16	491	0	0
coucou
237	-16	490	0	0
coucou
238	-16	490	0	0
coucou
239	-16	489	0	0
coucou
240	-16	489	0	0
coucou
241	-16	489	0	0
coucou
242	-16	488	0	0
coucou
243	-16	488	0	0
coucou
244	-16	488	0	0
coucou
245	-16	488	0	0
coucou
246	-16	488	0	0
coucou
247	-16	487	0	0
coucou
248	-16	487	0	0
coucou
249	-16	487	0	0
coucou
250	-16	487	0	0
coucou
251	-16	487	0	0
coucou
252	-16	486	0	0
coucou
253	-16	486	0	0
coucou
254	-16	485	0	0
coucou
255	-16	485	0	0
coucou
256	-16	485	0	0
coucou
257	-16	485	0	0
coucou
258	-16	485	0	0
coucou
259	-16	484	0	0
coucou
260	-16	484	0	0
coucou
261	-16	484	0	0
coucou
262	-16	483	0	0
coucou
263	-16	483	0	0
coucou
264	-16	483	0	0
coucou
265	-16	483	0	0
coucou
266	-16	483	0	0
coucou
267	-16	482	0	0
coucou
268	-16	481	0	0
coucou
269	-16	481	0	0
coucou
270	-16	481	0	0
coucou
271	-16	481	0	0
coucou
272	-16	481	0	1
coucou
273	-16	480	0	1
coucou
274	-16	480	0	1
coucou
275	-16	480	0	1
coucou
276	-16	479	0	1
coucou
277	-16	478	0	1
coucou
278	-16	478	0	1
coucou
279	-16	478	0	1
coucou
280	-16	478	0	1
coucou
281	-16	478	0	2
coucou
282	-16	478	0	2
coucou
283	-16	478	0	2
coucou
284	-16	478	0	1
coucou
285	-16	477	0	1
coucou
286	-16	477	0	1
coucou
287	-16	477	0	2
coucou
288	-16	475	0	2
coucou
289	-16	475	0	2
coucou
290	-16	475	0	2
coucou
291	-16	475	0	2
coucou
292	-16	474	0	2
coucou
293	-16	473	0	1
coucou
294	-16	473	0	1
coucou
295	-16	473	0	1
coucou
296	-16	473	0	2
coucou
297	-16	473	0	1
coucou
298	-16	472	0	1
coucou
299	-16	472	0	1
coucou
300	-16	472	0	1
coucou
301	-16	472	0	1
coucou
302	-16	472	0	2
coucou
303	-16	472	0	2
coucou
304	-16	472	0	2
coucou
305	-16	472	0	2
coucou
306	-16	472	0	2
coucou
307	-16	472	0	2
coucou
308	-16	472	0	2
coucou
309	-16	472	0	2
coucou
310	-16	472	0	2
coucou
311	-16	472	0	2
coucou
312	-16	472	0	3
coucou
313	-16	472	0	3
coucou
314	-16	472	0	2
coucou
315	-16	472	0	2
coucou
316	-16	472	0	2
coucou
317	-16	472	0	3
coucou
318	-16	472	0	3
coucou
319	-16	472	0	2
coucou
320	-16	472	0	2
coucou
321	-16	472	0	2
coucou
322	-16	472	0	2
coucou
323	-16	472	0	2
coucou
324	-16	471	0	2
coucou
325	-16	471	0	3
coucou
326	-16	471	0	3
coucou
327	-16	471	0	3
coucou
328	-16	471	0	3
coucou
329	-16	470	0	3
coucou
330	-16	470	0	3
coucou
331	-16	470	0	3
coucou
332	-16	469	0	4
coucou
333	-16	469	0	4
coucou
334	-16	469	0	4
coucou
335	-16	469	0	3
coucou
336	-16	469	0	3
coucou
337	-16	469	0	3
coucou
338	-16	469	0	3
coucou
339	-16	468	0	3
coucou
340	-16	467	0	2
coucou
341	-16	467	0	2
coucou
342	-16	467	0	2
coucou
343	-16	467	0	2
coucou
344	-16	467	0	2
coucou
345	-16	467	0	2
coucou
346	-16	467	0	1
coucou
347	-16	467	0	1
coucou
348	-16	467	0	0
coucou
349	-16	467	0	0
coucou
350	-16	467	0	0
coucou
351	-16	467	0	0
coucou
352	-16	467	0	0
coucou
353	-16	467	0	0
coucou
354	-16	467	0	1
coucou
355	-16	467	0	1
coucou
356	-16	467	0	1
coucou
357	-16	467	0	1
coucou
358	-16	467	0	1
coucou
359	-16	467	0	2
coucou
360	-16	467	0	1
coucou
361	-16	467	0	1
coucou
362	-16	467	0	1
coucou
363	-16	467	0	1
coucou
364	-16	467	0	1
coucou
365	-16	467	0	1
coucou
366	-16	466	0	1
coucou
367	-16	466	0	1
coucou
368	-16	466	0	1
coucou
369	-16	465	0	1
coucou
370	-16	465	0	1
coucou
371	-16	465	0	1
coucou
372	-16	464	0	1
coucou
373	-16	464	0	1
coucou
374	-16	463	0	1
coucou
375	-16	463	0	1
coucou
376	-16	463	0	1
coucou
377	-16	462	0	1
coucou
378	-16	462	0	1
coucou
379	-16	462	0	1
coucou
380	-16	462	0	1
coucou
381	-16	461	0	2
coucou
382	-16	461	0	2
coucou
383	-16	461	0	2
coucou
384	-16	460	0	2
coucou
385	-16	460	0	1
coucou
386	-16	460	0	1
coucou
387	-16	460	0	2
coucou
388	-16	459	0	2
coucou
389	-16	459	0	2
coucou
390	-16	459	0	2
coucou
391	-16	459	0	2
coucou
392	-16	459	0	2
coucou
393	-16	458	0	2
coucou
394	-16	458	0	1
coucou
395	-16	458	0	2
coucou
396	-16	458	0	2
coucou
397	-16	458	0	2
coucou
398	-16	458	0	2
coucou
399	-16	457	0	2
coucou
400	-16	457	0	2
coucou
401	-16	457	0	2
coucou
402	-16	457	0	2
coucou
403	-16	457	0	2
coucou
404	-16	456	0	1
coucou
405	-16	456	0	1
coucou
406	-16	456	0	1
coucou
407	-16	456	0	1
coucou
408	-16	455	0	1
coucou
409	-16	455	0	1
coucou
410	-16	455	0	1
coucou
411	-16	454	0	1
coucou
412	-16	454	0	1
coucou
413	-16	454	0	1
coucou
414	-16	453	0	1
coucou
415	-16	453	0	1
coucou
416	-16	452	0	1
coucou
417	-16	452	0	1
coucou
418	-16	452	0	0
coucou
419	-16	452	0	1
coucou
420	-16	452	0	1
coucou
421	-16	452	0	1
coucou
422	-16	451	0	1
coucou
423	-16	451	0	1
coucou
424	-16	451	0	1
coucou
425	-16	450	0	1
coucou
426	-16	450	0	1
coucou
427	-16	450	0	1
coucou
428	-16	450	0	1
coucou
429	-16	449	0	1
coucou
430	-16	448	0	1
coucou
431	-16	448	0	1
coucou
432	-16	447	0	1
coucou
433	-16	447	0	1
coucou
434	-16	447	0	1
coucou
435	-16	447	0	1
coucou
436	-16	446	0	1
coucou
437	-16	446	0	0
coucou
438	-16	446	0	0
coucou
439	-16	445	0	1
coucou
440	-16	445	0	1
coucou
441	-16	445	0	1
coucou
442	-16	445	0	1
coucou
443	-16	444	0	1
coucou
444	-16	444	0	1
coucou
445	-16	444	0	1
coucou
446	-16	444	0	1
coucou
447	-16	443	0	1
coucou
448	-16	443	0	1
coucou
449	-16	443	0	1
coucou
450	-16	443	0	1
coucou
451	-16	442	0	1
coucou
452	-16	442	0	1
coucou
453	-16	442	0	2
coucou
454	-16	442	0	2
coucou
455	-16	442	0	2
coucou
456	-16	441	0	2
coucou
457	-16	441	0	2
coucou
458	-16	440	0	2
coucou
459	-16	440	0	2
coucou
460	-16	440	0	2
coucou
461	-16	440	0	2
coucou
462	-16	440	0	3
coucou
463	-16	440	0	3
coucou
464	-16	439	0	4
coucou
465	-16	439	0	4
coucou
466	-16	439	0	4
coucou
467	-16	439	0	4
coucou
468	-16	439	0	4
coucou
469	-16	439	0	4
coucou
470	-16	438	0	3
coucou
471	-16	438	0	3
coucou
472	-16	438	0	3
coucou
473	-16	438	0	2
coucou
474	-16	438	0	2
coucou
475	-16	437	0	2
coucou
476	-16	437	0	2
coucou
477	-16	437	0	2
coucou
478	-16	437	0	3
coucou
479	-16	437	0	3
coucou
480	-16	437	0	3
coucou
481	-16	437	0	3
coucou
482	-16	437	0	3
coucou
483	-16	437	0	3
coucou
484	-16	437	0	3
coucou
485	-16	437	0	3
coucou
486	-16	436	0	3
coucou
487	-16	436	0	3
coucou
488	-16	436	0	3
coucou
489	-16	435	0	3
coucou
490	-16	435	0	3
coucou
491	-16	435	0	3
coucou
492	-16	435	0	3
coucou
493	-16	435	0	3
coucou
494	-16	435	0	3
coucou
495	-16	435	0	3
coucou
496	-16	435	0	3
coucou
497	-16	435	0	3
coucou
498	-16	434	0	3
coucou
499	-16	434	0	3
coucou
500	-16	434	0	3
coucou
501	-16	434	0	3
coucou
502	-16	434	0	3
coucou
503	-16	433	0	3
coucou
504	-16	433	0	3
coucou
505	-16	433	0	3
coucou
506	-16	432	0	3
coucou
507	-16	432	0	3
coucou
508	-16	432	0	3
coucou
509	-16	432	0	3
coucou
510	-16	432	0	3
coucou
511	-16	432	0	3
coucou
512	-16	431	0	3
coucou
513	-16	431	0	3
coucou
514	-16	431	0	2
coucou
515	-16	431	0	2
coucou
516	-16	431	0	2
coucou
517	-16	431	0	2
coucou
518	-16	431	0	2
coucou
519	-16	431	0	2
coucou
520	-16	431	0	2
coucou
521	-16	431	0	2
coucou
522	-16	431	0	2
coucou
523	-16	430	0	2
coucou
524	-16	430	0	2
coucou
525	-16	429	0	2
coucou
526	-16	429	0	3
coucou
527	-16	429	0	3
coucou
528	-16	429	0	3
coucou
529	-16	429	0	2
coucou
530	-16	429	0	2
coucou
531	-16	429	0	2
coucou
532	-16	429	0	2
coucou
533	-16	429	0	2
coucou
534	-16	428	0	2
coucou
535	-16	428	0	1
coucou
536	-16	428	0	1
coucou
537	-16	428	0	1
coucou
538	-16	428	0	1
coucou
539	-16	428	0	1
coucou
540	-16	428	0	0
coucou
541	-16	428	0	0
coucou
542	-16	428	0	0
coucou
543	-16	428	0	0
coucou
544	-16	428	0	0
coucou
545	-16	428	0	0
coucou
546	-16	427	0	0
coucou
547	-16	427	0	0
coucou
548	-16	427	0	0
coucou
549	-16	427	0	0
coucou
550	-16	427	0	0
coucou
551	-16	427	0	0
coucou
552	-16	427	0	1
coucou
553	-16	427	0	2
coucou
554	-16	426	0	2
coucou
555	-16	426	0	2
coucou
556	-16	426	0	2
coucou
557	-16	426	0	1
coucou
558	-16	426	0	1
coucou
559	-16	426	0	1
coucou
560	-16	426	0	1
coucou
561	-16	425	0	1
coucou
562	-15	425	0	1
coucou
563	-15	424	0	2
coucou
564	-15	424	0	2
coucou
565	-15	424	0	1
coucou
566	-15	424	0	1
coucou
567	-15	424	0	1
coucou
568	-15	424	0	1
coucou
569	-15	423	0	1
coucou
570	-15	423	0	1
coucou
571	-15	422	0	2
coucou
572	-15	422	0	2
coucou
573	-14	422	0	2
coucou
574	-14	421	0	2
coucou
575	-14	421	0	2
coucou
576	-14	421	0	2
coucou
577	-14	421	0	2
coucou
578	-14	421	0	1
coucou
579	-14	420	0	1
coucou
580	-14	420	0	1
coucou
581	-14	420	0	1
coucou
582	-14	420	0	1
coucou
583	-14	420	0	1
coucou
584	-14	419	0	0
coucou
585	-14	419	0	0
coucou
586	-14	419	0	0
coucou
587	-14	419	0	0
coucou
588	-14	419	0	0
coucou
589	-14	419	0	0
coucou
590	-14	419	0	0
coucou
591	-14	419	0	1
coucou
592	-14	418	0	1
coucou
593	-14	417	0	1
coucou
594	-14	416	0	1
coucou
595	-13	416	0	1
coucou
596	-13	416	0	1
coucou
597	-13	416	0	1
coucou
598	-13	416	0	1
coucou
599	-13	416	0	1
coucou
600	-13	416	0	1
coucou
601	-13	416	0	1
coucou
602	-12	416	0	1
coucou
603	-12	415	0	1
coucou
604	-12	415	0	1
coucou
605	-11	415	0	1
coucou
606	-11	415	0	1
coucou
607	-11	414	0	1
coucou
608	-11	414	0	1
coucou
609	-11	414	0	1
coucou
610	-11	414	0	1
coucou
611	-11	413	0	1
coucou
612	-11	412	0	1
coucou
613	-11	412	0	1
coucou
614	-11	412	0	1
coucou
615	-11	412	0	1
coucou
616	-11	412	0	1
coucou
617	-11	412	0	1
coucou
618	-11	412	0	1
coucou
619	-11	412	0	1
coucou
620	-11	412	0	0
coucou
621	-11	411	0	0
coucou
622	-11	411	0	0
coucou
623	-11	411	0	0
coucou
624	-11	409	0	0
coucou
625	-11	409	0	0
coucou
626	-11	409	0	0
coucou
627	-11	409	0	0
coucou
628	-11	409	0	0
coucou
629	-11	409	0	0
coucou
630	-11	409	0	0
coucou
631	-11	409	0	0
coucou
632	-10	408	0	0
coucou
633	-10	407	0	0
coucou
634	-10	407	0	0
coucou
635	-10	406	0	0
coucou
636	-10	406	0	0
coucou
637	-10	405	0	0
coucou
638	-10	405	0	0
coucou
639	-10	405	0	0
coucou
640	-9	403	0	0
coucou
641	-9	403	0	0
coucou
642	-9	403	0	0
coucou
643	-9	403	0	1
coucou
644	-8	402	0	1
coucou
645	-8	401	0	2
coucou
646	-8	401	0	2
coucou
647	-8	401	0	2
coucou
648	-7	400	0	2
coucou
649	-7	400	0	2
coucou
650	-6	400	0	2
coucou
651	-6	399	0	2
coucou
652	-6	399	0	2
coucou
653	-6	399	0	2
coucou
654	-6	398	0	1
coucou
655	-6	398	0	1
coucou
656	-6	398	0	1
coucou
657	-6	398	0	1
coucou
658	-6	398	0	1
coucou
659	-6	398	0	1
coucou
660	-6	398	0	1
coucou
661	-6	398	0	1
coucou
662	-6	398	0	1
coucou
663	-6	398	0	1
coucou
664	-6	398	0	1
coucou
665	-6	397	0	1
coucou
666	-5	397	0	1
coucou
667	-5	397	0	1
coucou
668	-5	397	0	1
coucou
669	-5	396	0	1
coucou
670	-5	396	0	1
coucou
671	-5	396	0	1
coucou
672	-5	395	0	1
coucou
673	-5	395	0	1
coucou
674	-5	395	0	1
coucou
675	-5	394	0	1
coucou
676	-5	394	0	1
coucou
677	-4	394	0	1
coucou
678	-4	393	0	1
coucou
679	-4	393	0	1
coucou
680	-4	393	0	0
coucou
681	-4	392	0	0
coucou
682	-3	392	0	0
coucou
683	-3	391	0	0
coucou
684	-3	391	0	0
coucou
685	-2	390	0	0
coucou
686	-2	390	0	0
coucou
687	-2	389	0	0
coucou
688	-1	389	0	0
coucou
689	-1	388	0	0
coucou
690	-1	388	0	0
coucou
691	-1	388	0	0
coucou
692	-1	387	0	0
coucou
693	-1	387	0	0
coucou
694	-1	387	0	0
coucou
695	0	387	0	0
coucou
696	0	386	0	0
coucou
697	0	386	0	0
coucou
698	0	386	0	0
coucou
699	1	385	0	0
coucou
700	2	385	0	0
coucou
701	3	384	0	0
coucou
702	2	384	0	0
coucou
703	2	384	0	0
coucou
704	3	383	0	0
coucou
705	3	383	0	0
coucou
706	3	382	0	0
coucou
707	3	382	0	0
coucou
708	3	381	0	0
coucou
709	4	381	0	0
coucou
710	4	381	0	0
coucou
711	3	381	0	0
coucou
712	3	381	0	0
coucou
713	3	381	0	0
coucou
714	3	381	0	0
coucou
715	3	380	0	0
coucou
716	3	380	0	0
coucou
717	2	380	0	0
coucou
718	3	380	0	0
coucou
719	3	379	0	0
coucou
720	2	379	0	0
coucou
721	2	378	0	0
coucou
722	1	378	0	0
coucou
723	0	378	0	0
coucou
724	0	378	0	0
coucou
725	1	378	0	0
coucou
726	2	378	0	0
coucou
727	2	378	0	1
coucou
728	2	378	0	1
coucou
729	2	377	0	1
coucou
730	3	376	0	1
coucou
731	1	375	0	2
coucou
732	1	375	0	2
coucou
733	2	375	0	2
coucou
734	3	375	0	1
coucou
735	3	374	0	1
coucou
736	3	374	0	1
coucou
737	2	374	0	0
coucou
738	2	374	0	0
coucou
739	2	374	0	0
coucou
740	2	374	0	0
coucou
741	2	374	0	0
coucou
742	3	373	0	0
coucou
743	3	373	0	0
coucou
744	3	373	0	0
coucou
745	4	373	0	0
coucou
746	5	372	0	1
coucou
747	5	370	0	1
coucou
748	4	370	0	1
coucou
749	4	370	0	2
coucou
750	4	370	0	2
coucou
751	4	370	0	1
coucou
752	4	370	0	1
coucou
753	3	370	0	1
coucou
754	3	370	0	1
coucou
755	4	370	0	1
coucou
756	4	370	0	1
coucou
757	5	370	0	1
coucou
758	4	370	0	1
coucou
759	4	369	0	0
coucou
760	4	369	0	0
coucou
761	4	369	0	0
coucou
762	4	369	0	0
coucou
763	3	369	0	0
coucou
764	3	369	0	0
coucou
765	4	368	0	0
coucou
766	4	368	0	0
coucou
767	4	368	0	0
coucou
768	3	368	0	0
coucou
769	2	368	0	0
coucou
770	2	368	0	0
coucou
771	3	368	0	0
coucou
772	2	368	0	0
coucou
773	2	368	0	0
coucou
774	1	368	0	0
coucou
775	1	368	0	0
coucou
776	2	368	0	0
coucou
777	2	368	0	0
coucou
778	3	368	0	0
coucou
779	4	368	0	0
coucou
780	4	367	0	0
coucou
781	4	367	0	0
coucou
782	5	366	0	0
coucou
783	5	366	0	0
coucou
784	5	366	0	0
coucou
785	5	366	0	0
coucou
786	6	366	0	0
coucou
787	5	366	0	0
coucou
788	5	366	0	0
coucou
789	5	365	0	0
coucou
790	6	365	0	0
coucou
791	7	364	0	0
coucou
792	7	364	0	0
coucou
793	6	363	0	0
coucou
794	6	363	0	0
coucou
795	6	363	0	0
coucou
796	6	363	0	0
coucou
797	7	363	0	0
coucou
798	8	362	0	0
coucou
799	8	362	0	0
coucou
800	8	362	0	0
coucou
801	8	362	0	0
coucou
802	8	362	0	0
coucou
803	8	362	0	0
coucou
804	8	362	0	0
coucou
805	8	361	0	0
coucou
806	9	361	0	0
coucou
807	8	360	0	0
coucou
808	8	360	0	0
coucou
809	9	360	0	0
coucou
810	8	359	0	0
coucou
811	7	359	0	0
coucou
812	8	359	0	0
coucou
813	9	357	0	0
coucou
814	8	357	0	0
coucou
815	7	357	0	0
coucou
816	7	357	0	0
coucou
817	7	357	0	0
coucou
818	7	357	0	0
coucou
819	7	357	0	0
coucou
820	7	357	0	0
coucou
821	7	357	0	0
coucou
822	7	357	0	0
coucou
823	7	357	0	0
coucou
824	7	357	0	0
coucou
825	6	357	0	0
coucou
826	5	356	0	0
coucou
827	5	356	0	0
coucou
828	4	356	0	0
coucou
829	4	356	0	0
coucou
830	5	355	0	0
coucou
831	5	355	0	0
coucou
832	5	355	0	0
coucou
833	4	355	0	0
coucou
834	4	355	0	0
coucou
835	5	355	0	0
coucou
836	5	355	0	0
coucou
837	5	355	0	0
coucou
838	5	355	0	0
coucou
839	5	355	0	0
coucou
840	6	355	0	0
coucou
841	6	355	0	0
coucou
842	6	355	0	0
coucou
843	6	355	0	0
coucou
844	6	355	0	0
coucou
845	5	355	0	0
coucou
846	4	355	0	0
coucou
847	3	355	0	0
coucou
848	4	355	0	0
coucou
849	5	355	0	0
coucou
850	4	355	0	0
coucou
851	3	354	0	0
coucou
852	4	354	0	0
coucou
853	5	354	0	0
coucou
854	4	354	0	0
coucou
855	3	354	0	0
coucou
856	4	354	0	0
coucou
857	4	354	0	0
coucou
858	3	354	0	0
coucou
859	2	354	0	0
coucou
860	3	354	0	0
coucou
861	3	354	0	0
coucou
862	4	354	0	0
coucou
863	4	354	0	0
coucou
864	3	354	0	0
coucou
865	3	353	0	0
coucou
866	3	353	0	0
coucou
867	4	352	0	0
coucou
868	4	352	0	0
coucou
869	3	352	0	0
coucou
870	4	352	0	0
coucou
871	5	352	0	0
coucou
872	4	351	0	0
coucou
873	3	351	0	0
coucou
874	4	351	0	0
coucou
875	4	351	0	0
coucou
876	5	350	0	0
coucou
877	6	349	0	0
coucou
878	6	349	0	0
coucou
879	7	348	0	0
coucou
880	7	348	0	0
coucou
881	7	347	0	0
coucou
882	6	347	0	0
coucou
883	6	347	0	0
coucou
884	6	347	0	0
coucou
885	4	347	0	0
coucou
886	4	347	0	0
coucou
887	4	347	0	0
coucou
888	5	347	0	0
coucou
889	5	347	0	0
coucou
890	5	346	0	0
coucou
891	4	346	0	0
coucou
892	5	346	0	0
coucou
893	5	346	0	0
coucou
894	5	346	0	0
coucou
895	4	346	0	0
coucou
896	4	346	0	0
coucou
897	4	346	0	0
coucou
898	4	346	0	0
coucou
899	4	345	0	0
coucou
900	5	345	0	0
coucou
901	5	344	0	0
coucou
902	5	344	0	0
coucou
903	4	344	0	0
coucou
904	4	344	0	0
coucou
905	5	343	0	0
coucou
906	6	343	0	0
coucou
907	6	343	0	0
coucou
908	6	343	0	0
coucou
909	6	343	0	0
coucou
910	6	343	0	0
coucou
911	7	342	0	0
coucou
912	6	341	0	0
coucou
913	6	341	0	0
coucou
914	6	341	0	0
coucou
915	6	341	0	0
coucou
916	6	340	0	0
coucou
917	6	340	0	0
coucou
918	7	339	0	0
coucou
919	7	339	0	0
coucou
920	6	339	0	0
coucou
921	6	339	0	0
coucou
922	5	339	0	0
coucou
923	4	339	0	0
coucou
924	4	339	0	0
coucou
925	4	339	0	0
coucou
926	4	339	0	0
coucou
927	4	339	0	0
coucou
928	4	339	0	0
coucou
929	5	338	1	0
coucou
930	5	338	1	0
coucou
931	4	338	1	0
coucou
932	5	338	1	0
coucou
933	4	338	1	0
coucou
934	5	338	1	0
coucou
935	5	338	0	0
coucou
936	6	338	0	0
coucou
937	6	338	0	0
coucou
938	6	338	0	0
coucou
939	6	338	0	0
coucou
940	6	338	0	0
coucou
941	6	338	0	0
coucou
942	7	338	0	0
coucou
943	6	338	0	0
coucou
944	5	338	0	0
coucou
945	4	338	0	0
coucou
946	4	338	0	0
coucou
947	4	338	0	0
coucou
948	5	338	0	0
coucou
949	6	338	0	0
coucou
950	6	338	0	0
coucou
951	6	338	0	0
coucou
952	7	337	0	0
coucou
953	7	336	0	0
coucou
954	7	336	0	0
coucou
955	7	336	0	0
coucou
956	8	335	0	0
coucou
957	9	334	0	0
coucou
958	9	334	0	0
coucou
959	10	334	0	0
coucou
960	10	332	0	0
coucou
961	10	332	0	0
coucou
962	11	332	0	0
coucou
963	10	332	0	0
coucou
964	10	332	0	0
coucou
965	11	332	0	0
coucou
966	12	331	0	0
coucou
967	12	331	0	0
coucou
968	13	331	0	0
coucou
969	12	331	0	0
coucou
970	13	330	0	0
coucou
971	14	330	0	0
coucou
972	14	329	0	0
coucou
973	13	329	0	0
coucou
974	13	329	0	0
coucou
975	13	329	0	0
coucou
976	13	329	0	0
coucou
977	12	329	0	0
coucou
978	11	329	0	0
coucou
979	10	329	0	0
coucou
980	10	329	0	0
coucou
981	9	329	0	0
coucou
982	10	329	0	0
coucou
983	11	329	0	0
coucou
984	10	329	0	0
coucou
985	11	329	0	0
coucou
986	11	328	0	0
coucou
987	10	328	0	0
coucou
988	11	328	0	0
coucou
989	10	328	0	0
coucou
990	10	328	0	0
coucou
991	9	327	0	0
coucou
992	9	327	0	0
coucou
993	9	327	0	0
coucou
994	9	327	0	0
coucou
995	8	327	0	0
coucou
996	9	327	0	0
coucou
997	9	327	0	0
coucou
998	9	326	0	0
coucou
999	9	326	0	0
coucou
1000	10	326	0	0
